last_name, first_name,player_id,team_id,team,position,age,competitive_runs,hp_to_1b,sprint_speed
Locastro, Tim,641796,109,ARI,LF,,129,3.98,30.8
Buxton, Byron,621439,142,MIN,CF,,467,3.98,30.6
Quinn, Roman,596451,143,PHI,CF,,155,3.94,30.3
Alford, Anthony,546990,134,PIT,LF,,32,,30.3
Turner, Trea,607208,120,WSH,SS,,923,4.08,30.2
Engel, Adam,641553,145,CWS,CF,,428,4.06,30.2
Gore, Terrance,605253,118,KC,LF,,38,,30.1
Sierra, Magneuris,642423,146,MIA,CF,,144,3.94,30.1
Galloway, Isaac,543194,146,MIA,CF,,42,4.14,30.1
Hamilton, Billy,571740,112,CHC,CF,,938,3.94,30.0
Hampson, Garrett,641658,115,COL,2B,,191,4.10,30.0
DeShields, Delino,592261,114,CLE,CF,,768,4.05,30.0
Brito, Socrates,593647,141,TOR,RF,,79,,29.9
Mondesi, Adalberto,609275,118,KC,SS,,377,4.09,29.9
Adams, Lane,572669,144,ATL,CF,,54,4.15,29.9
Zimmer, Bradley,605548,114,CLE,CF,,164,4.08,29.9
Stubbs, Drew,453211,137,SF,CF,,61,,29.9
Straw, Myles,664702,117,HOU,CF,,91,4.01,29.8
O'Neill, Tyler,641933,138,STL,LF,,116,4.17,29.8
Andreoli, John,607430,110,BAL,LF,,25,4.14,29.8
Bader, Harrison,664056,138,STL,CF,,345,4.10,29.8
Broxton, Keon,542979,136,SEA,CF,,306,4.12,29.8
Smith, Mallex,605480,136,SEA,CF,,727,4.03,29.7
Berti, Jon,542932,146,MIA,SS,,211,4.15,29.7
Maxwell, Justin,452239,137,SF,CF,,93,,29.6
Orlando, Paulo,449181,118,KC,RF,,410,4.29,29.6
Bourjos, Peter,488721,108,LAA,CF,,382,4.08,29.6
Gerber, Mike,595222,137,SF,LF,,17,,29.6
Martin, Richie,621006,110,BAL,SS,,135,4.21,29.5
Bishop, Braden,623323,136,SEA,CF,,33,4.20,29.5
Cordell, Ryan,641477,121,NYM,RF,,84,4.19,29.5
Davis, Jaylin,664041,137,SF,RF,,16,4.34,29.5
Acuna Jr., Ronald,660670,144,ATL,CF,,440,4.14,29.5
White, Eli,642201,140,TEX,LF,,17,,29.4
Senzel, Nick,669222,113,CIN,CF,,200,4.22,29.4
Story, Trevor,596115,115,COL,SS,,753,4.18,29.4
Kiermaier, Kevin,595281,139,TB,CF,,1076,4.02,29.4
Mercado, Oscar,640458,114,CLE,CF,,216,4.25,29.4
O'Malley, Shawn,502523,136,SEA,SS,,113,,29.4
Perez, Eury,516811,144,ATL,LF,,61,,29.4
Tatis Jr., Fernando,665487,135,SD,SS,,227,4.21,29.4
Adell, Jo,666176,108,LAA,RF,,30,4.40,29.3
Rosario, Amed,642708,121,NYM,SS,,678,4.16,29.4
Hazelbaker, Jeremy,571757,109,ARI,CF,,106,,29.3
Hilliard, Sam,656541,115,COL,CF,,64,4.18,29.3
Negron, Kristopher,502117,119,LAD,3B,,99,4.29,29.3
Young Jr., Eric,458913,108,LAA,LF,,152,4.22,29.3
Fisher, Derek,605233,141,TOR,LF,,144,4.11,29.3
Brinson, Lewis,621446,146,MIA,CF,,314,4.23,29.3
Calixte, Orlando,593525,137,SF,LF,,18,4.21,29.3
Ciriaco, Pedro,465674,144,ATL,3B,,60,,29.3
Thomas, Lane,657041,138,STL,CF,,32,4.22,29.3
Cordero, Franchy,614173,118,KC,CF,,107,4.12,29.3
Lawrie, Brett,543434,145,CWS,3B,,372,,29.3
Hernandez, Cesar,514917,114,CLE,2B,,1399,4.15,29.3
Marisnick, Jake,545350,121,NYM,CF,,528,4.22,29.3
Edman, Tommy,669242,138,STL,3B,,233,4.15,29.3
Gentry, Craig,502226,110,BAL,CF,,180,4.21,29.3
Margot, Manuel,622534,139,TB,CF,,694,4.20,29.3
Davis, Rajai,434658,121,NYM,CF,,634,4.05,29.3
Trout, Mike,545361,108,LAA,CF,,1029,4.27,29.3
Cordoba, Allen,642707,135,SD,LF,,87,4.17,29.3
Jankowski, Travis,608671,113,CIN,CF,,421,4.12,29.2
Robles, Victor,645302,120,WSH,CF,,343,4.27,29.2
Mullins, Cedric,656775,110,BAL,CF,,163,4.05,29.2
Hermosillo, Michael,641684,108,LAA,LF,,46,4.23,29.2
Kingery, Scott,664068,143,PHI,SS,,358,4.14,29.2
Strange-Gordon, Dee,543829,136,SEA,2B,,1379,3.95,29.2
Rivera, Yadiel,592680,140,TEX,3B,,125,4.26,29.2
Burns, Billy,542993,118,KC,CF,,423,,29.2
Taveras, Leody,665750,140,TEX,CF,,30,,29.1
Barreto, Franklin,620439,108,LAA,2B,,64,4.12,29.1
Strausborger, Ryan,595005,140,TEX,LF,,23,,29.1
Ladendorf, Tyler,502285,133,OAK,2B,,28,,29.1
Tilson, Charlie,605508,145,CWS,LF,,137,4.11,29.1
Grisham, Trent,663757,135,SD,CF,,136,4.30,29.1
Lake, Junior,516809,141,TOR,LF,,59,,29.1
Hernandez, Marco,593523,111,BOS,2B,,135,3.99,29.1
Fowler, Dustin,641583,133,OAK,CF,,64,4.10,29.1
Daza, Yonathan,602074,115,COL,CF,,50,4.19,29.1
Johnson, Micah,608672,144,ATL,2B,,49,,29.1
Robert, Luis,673357,145,CWS,CF,,59,4.24,29.1
Shuck, JB,543776,134,PIT,LF,,294,3.99,29.1
Toles, Andrew,592808,119,LAD,LF,,128,4.12,29.1
Gosselin, Phil,594838,143,PHI,2B,,246,4.23,29.0
Mejia, Erick,625510,118,KC,CF,,13,,29.0
Hoying, Jared,592419,140,TEX,CF,,55,4.12,29.0
Arozarena, Randy,668227,139,TB,LF,,59,4.30,29.0
Goodrum, Niko,592348,116,DET,2B,,389,4.22,29.0
Altherr, Aaron,571437,121,NYM,RF,,425,4.40,29.0
Marte, Starling,516782,146,MIA,LF,,1311,4.15,29.0
Granite, Zack,643335,142,MIN,CF,,61,4.07,29.0
Rutledge, Josh,592710,111,BOS,SS,,116,4.22,29.0
Garcia, Avisail,541645,158,MIL,RF,,1118,4.35,29.0
d'Arnaud, Chase,488818,137,SF,SS,,161,4.15,29.0
Phillips, Brett,621433,139,TB,CF,,123,4.06,29.0
Allen, Greg,656185,135,SD,CF,,250,4.15,29.0
Alcantara, Arismendy,570489,113,CIN,CF,,68,4.11,28.9
Olivares, Edward,658668,118,KC,CF,,37,4.26,28.9
Ramirez, Harold,623912,146,MIA,LF,,220,4.23,28.9
Swanson, Dansby,621020,144,ATL,SS,,765,4.18,28.9
Merrifield, Whit,593160,118,KC,2B,,955,4.24,28.9
Holt, Tyler,534627,113,CIN,CF,,102,,28.9
May, Jacob,594576,145,CWS,CF,,18,,28.9
Bogusevic, Brian,460131,143,PHI,RF,,27,,28.9
Wade, Tyler,642180,147,NYY,2B,,138,4.14,28.9
Robinson, Shane,453203,147,NYY,CF,,191,4.19,28.9
Peguero, Carlos,451713,111,BOS,LF,,21,,28.9
Perez, Juan Carlo,543633,137,SF,CF,,26,,28.9
Hernandez, Teoscar,606192,141,TOR,LF,,418,4.27,28.9
Pache, Cristian,665506,144,ATL,CF,,16,,28.9
Reyes, Victor,622682,116,DET,CF,,305,4.24,28.9
Stevenson, Andrew,664057,120,WSH,LF,,98,4.14,28.9
Haggerty, Sam,664059,136,SEA,LF,,18,,28.9
Bautista, Rafael,622441,120,WSH,RF,,13,,28.9
Bonifacio, Emilio,466988,120,WSH,2B,,55,,28.9
Gardner, Brett,458731,147,NYY,LF,,1296,4.04,28.9
Spangenberg, Cory,605486,158,MIL,3B,,524,4.11,28.9
Pirela, Jose,517369,143,PHI,LF,,442,4.26,28.8
Gimenez, Andres,665926,121,NYM,SS,,45,4.20,28.9
Taylor, Michael A.,572191,120,WSH,CF,,615,4.15,28.8
Hoerner, Nico,663538,112,CHC,SS,,88,4.21,28.8
Ceciliani, Darrell,571553,141,TOR,LF,,34,,28.8
Difo, Wilmer,594694,120,WSH,2B,,432,4.24,28.8
Bellinger, Cody,641355,119,LAD,1B,,689,4.03,28.8
Harrison, Monte,656509,146,MIA,CF,,13,4.39,28.8
Hernandez, Gorkys,491676,111,BOS,CF,,356,4.26,28.8
Maybin, Cameron,457727,112,CHC,CF,,966,4.24,28.8
Reinheimer, Jack,595373,121,NYM,SS,,21,,28.8
Fuentes, Rey,571681,109,ARI,CF,,80,4.10,28.8
Tucker, Cole,657061,134,PIT,SS,,106,4.19,28.8
Taylor, Chris,621035,119,LAD,SS,,730,4.24,28.8
Featherston, Taylor,605227,139,TB,2B,,90,,28.8
Pompey, Dalton,592647,141,TOR,CF,,44,,28.8
McCutchen, Andrew,457705,143,PHI,CF,,989,4.33,28.8
Anderson, Tim,641313,145,CWS,SS,,1008,4.20,28.8
Hanson, Alen,593700,141,TOR,2B,,288,4.10,28.7
Dyson, Jarrod,502481,145,CWS,CF,,729,4.09,28.7
Jones, JaCoby,592444,116,DET,CF,,389,4.30,28.7
Souza Jr., Steven,519306,112,CHC,RF,,566,4.28,28.7
Solak, Nick,669256,140,TEX,LF,,151,4.25,28.7
Cronenworth, Jake,630105,135,SD,2B,,85,4.28,28.7
Realmuto, J.T.,592663,143,PHI,C,,1156,4.25,28.7
Adduci, Jim,451192,112,CHC,1B,,114,4.14,28.7
Tapia, Raimel,606132,115,COL,LF,,408,4.18,28.7
Yelich, Christian,592885,158,MIL,LF,,1396,4.21,28.7
Davis, Jonathan,641505,141,TOR,CF,,53,4.17,28.7
Dixon, Brandon,641525,116,DET,1B,,178,4.23,28.7
Lough, David,518953,143,PHI,RF,,86,,28.7
Baez, Javier,595879,112,CHC,SS,,1022,4.21,28.7
Williams, Nick,608384,143,PHI,RF,,312,4.27,28.7
Peraza, Jose,606299,111,BOS,SS,,817,4.21,28.7
Field, Tommy,474494,140,TEX,2B,,15,,28.7
Albies, Ozzie,645277,144,ATL,2B,,689,4.06,28.7
Pham, Tommy,502054,135,SD,LF,,931,4.40,28.7
Reed, Michael,605439,137,SF,CF,,19,,28.7
Mahtook, Mikie,543484,116,DET,CF,,357,4.23,28.6
den Dekker, Matthew,544925,121,NYM,LF,,49,,28.6
Goeddel, Tyler,595963,143,PHI,LF,,100,,28.6
Cain, Lorenzo,456715,158,MIL,CF,,1270,4.22,28.6
Cuevas, Noel,571595,115,COL,RF,,73,4.25,28.6
Puello, Cesar,527049,111,BOS,LF,,91,4.34,28.6
Pollock, AJ,572041,119,LAD,CF,,966,4.31,28.6
Aquino, Aristides,606157,113,CIN,RF,,86,4.34,28.6
Starling, Bubba,605490,118,KC,CF,,97,4.35,28.6
Presley, Alex,502100,116,DET,LF,,164,4.15,28.6
Garcia, Leury,544725,145,CWS,CF,,606,4.07,28.6
Laureano, Ramon,657656,133,OAK,CF,,302,4.24,28.6
Pence, Hunter,452254,137,SF,RF,,817,4.19,28.6
Owings, Chris,572008,115,COL,SS,,752,4.17,28.6
Demeritte, Travis,641513,116,DET,RF,,69,4.33,28.6
Peterson, Jace,607054,158,MIL,2B,,626,4.22,28.6
Kubitza, Kyle,605323,108,LAA,3B,,10,,28.6
LaMarre, Ryan,534606,142,MIN,CF,,95,4.19,28.5
Renda, Tony,573113,113,CIN,2B,,30,,28.5
Blanco, Gregor,453923,137,SF,CF,,407,4.12,28.5
Lux, Gavin,666158,119,LAD,2B,,46,4.14,28.5
Alfaro, Jorge,595751,146,MIA,C,,375,4.34,28.5
Lopes, Tim,621005,136,SEA,LF,,114,4.31,28.5
Duggar, Steven,621453,137,SF,CF,,196,4.19,28.5
Diaz, Aledmys,649557,117,HOU,SS,,661,4.27,28.5
Herrera, Rosell,594011,146,MIA,RF,,206,4.21,28.5
Castro, Willi,650489,116,DET,SS,,88,4.31,28.5
Nimmo, Brandon,607043,121,NYM,CF,,496,4.24,28.5
Heredia, Guillermo,628338,121,NYM,CF,,460,4.22,28.5
Wilkerson, Stevie,592859,110,BAL,CF,,158,4.25,28.5
Hays, Austin,669720,110,BAL,CF,,114,4.25,28.5
Gomez, Carlos,460576,121,NYM,CF,,580,4.41,28.5
Bryant, Kris,592178,112,CHC,3B,,1093,4.24,28.5
Kelly, Ty,571841,121,NYM,2B,,65,4.18,28.5
Newman, Kevin,621028,134,PIT,SS,,374,4.28,28.4
Lagares, Juan,501571,121,NYM,CF,,539,4.30,28.5
Almonte, Abraham,501659,135,SD,CF,,376,4.27,28.5
Velazquez, Andrew,623205,110,BAL,SS,,38,,28.4
Moncada, Yoan,660162,145,CWS,2B,,527,4.20,28.4
Ohtani, Shohei,660271,108,LAA,DH,,360,4.06,28.4
Wendle, Joey,621563,139,TB,2B,,510,4.17,28.4
Marte, Ketel,606466,109,ARI,SS,,1075,4.23,28.4
Altuve, Jose,514888,117,HOU,2B,,1593,4.12,28.4
Saladino, Tyler,573135,158,MIL,3B,,443,4.40,28.4
Semien, Marcus,543760,133,OAK,SS,,1139,4.32,28.4
Taylor, Tyrone,621438,158,MIL,RF,,25,,28.4
Eaton, Adam,594809,120,WSH,CF,,1150,4.15,28.4
Bonifacio, Jorge,593528,116,DET,RF,,249,4.31,28.4
Chang, Yu,644374,114,CLE,3B,,42,4.38,28.4
Polanco, Jorge,593871,142,MIN,SS,,733,4.15,28.4
Culberson, Charlie,518586,144,ATL,SS,,247,4.21,28.4
Dozier, Hunter,641531,118,KC,3B,,380,4.37,28.4
Ward, Taylor,621493,108,LAA,3B,,91,4.42,28.4
Bourgeois, Jason,430652,113,CIN,CF,,100,,28.4
Hwang, Jae-Gyun,666561,137,SF,3B,,20,4.32,28.4
Grichuk, Randal,545341,141,TOR,CF,,825,4.37,28.3
Adames, Willy,642715,139,TB,SS,,429,4.28,28.3
Lopez, Nicky,670032,118,KC,2B,,321,4.15,28.3
Liriano, Rymer,542642,145,CWS,RF,,20,4.35,28.3
Florimon, Pedro,465753,143,PHI,SS,,67,,28.3
Dahl, David,621311,115,COL,LF,,370,4.21,28.3
Luplow, Jordan,656669,114,CLE,LF,,178,4.34,28.3
Rickard, Joey,572073,137,SF,RF,,368,4.21,28.3
Szczur, Matt,519333,135,SD,LF,,227,4.19,28.3
Thompson, Trayce,572204,145,CWS,RF,,224,4.34,28.3
Kivlehan, Patrick,623182,109,ARI,RF,,79,4.34,28.3
Bethancourt, Christian,542194,135,SD,C,,150,,28.3
Powell, Boog,621471,133,OAK,CF,,64,4.21,28.3
Gose, Anthony,543238,116,DET,CF,,247,,28.3
Carrera, Ezequiel,485567,141,TOR,LF,,380,4.16,28.3
Myers, Wil,571976,135,SD,1B,,881,4.32,28.3
Zagunis, Mark,657145,112,CHC,RF,,24,4.30,28.3
Gomez, Hector,467143,158,MIL,2B,,45,,28.3
Ahmed, Nick,605113,109,ARI,SS,,987,4.36,28.3
Heineman, Scott,595981,140,TEX,CF,,57,4.41,28.3
Chapman, Matt,656305,133,OAK,3B,,595,4.39,28.3
Gamel, Ben,592325,158,MIL,LF,,549,4.20,28.3
Brown, Seth,664913,133,OAK,LF,,35,4.31,28.3
Ngoepe, Gift,547912,141,TOR,2B,,31,4.29,28.3
Varsho, Daulton,662139,109,ARI,CF,,32,4.15,28.3
Ashley, Nevin,502213,158,MIL,C,,13,,28.3
Puig, Yasiel,624577,114,CLE,RF,,902,4.31,28.3
White, Evan,657108,136,SEA,1B,,50,4.41,28.2
Slater, Austin,596103,137,SF,RF,,250,4.37,28.2
Kawasaki, Munenori,493128,112,CHC,2B,,26,,28.2
Springer, George,543807,117,HOU,RF,,1259,4.30,28.2
Torres, Ramon,593527,118,KC,2B,,55,4.19,28.2
Desmond, Ian,435622,115,COL,SS,,1236,4.36,28.2
Garcia, Robel,596825,112,CHC,2B,,18,,28.2
Rios, Alex,425567,118,KC,RF,,169,,28.2
Toro, Abraham,647351,117,HOU,3B,,69,4.18,28.2
Rosales, Adam,489267,114,CLE,SS,,205,4.34,28.2
Bostick, Christopher,607471,146,MIA,2B,,19,,28.2
Hicks, Aaron,543305,147,NYY,CF,,776,4.18,28.2
Bichette, Bo,666182,141,TOR,SS,,138,4.27,28.2
Munoz, Yairo,622168,111,BOS,SS,,266,4.28,28.2
Reyes, Pablo,622569,134,PIT,LF,,99,4.36,28.2
Crisp, Coco,424825,114,CLE,CF,,245,,28.2
Moore, Dylan,664238,136,SEA,SS,,127,4.31,28.2
Tomlinson, Kelby,605509,137,SF,2B,,302,4.21,28.2
Meadows, Austin,640457,139,TB,RF,,301,4.22,28.2
Williamson, Mac,607776,136,SEA,LF,,179,4.41,28.2
Burriss, Emmanuel,502034,143,PHI,2B,,19,,28.2
Bogaerts, Xander,593428,111,BOS,SS,,1576,4.23,28.2
Betts, Mookie,605141,119,LAD,RF,,1442,4.23,28.2
Upton, B.J.,425834,141,TOR,CF,,251,,28.2
Torreyes, Ronald,591720,143,PHI,2B,,338,4.20,28.2
Brosseau, Mike,670712,139,TB,2B,,80,4.29,28.2
Schimpf, Ryan,572114,108,LAA,2B,,122,4.21,28.2
Avelino, Abiatal,623214,137,SF,SS,,13,,28.2
Freeman, Mike,502273,114,CLE,2B,,124,4.27,28.2
Santana, Danny,542454,140,TEX,CF,,502,4.26,28.2
Fryer, Eric,518700,138,STL,C,,104,4.31,28.1
Cowgill, Collin,518577,114,CLE,LF,,37,,28.1
Pillar, Kevin,607680,115,COL,CF,,1251,4.32,28.1
Perez, Hernan,541650,112,CHC,3B,,678,4.31,28.1
Chisholm, Jazz,665862,146,MIA,2B,,19,,28.1
Bourn, Michael,456422,110,BAL,CF,,344,,28.1
Reynolds, Bryan,668804,134,PIT,LF,,275,4.31,28.1
Russell, Addison,608365,112,CHC,SS,,837,4.25,28.1
Fowler, Dexter,451594,138,STL,CF,,953,4.29,28.1
Gregorius, Didi,544369,143,PHI,SS,,1160,4.26,28.1
Iribarren, Hernan,454975,113,CIN,CF,,26,,28.1
Kozma, Pete,518902,116,DET,SS,,87,4.33,28.1
Schebler, Scott,594988,144,ATL,RF,,516,4.24,28.1
Biggio, Cavan,624415,141,TOR,2B,,177,4.39,28.1
Gillespie, Cole,502261,146,MIA,RF,,93,,28.1
Noll, Jake,669738,120,WSH,1B,,12,,28.1
Duvall, Adam,594807,144,ATL,LF,,619,4.37,28.1
Heisey, Chris,502317,120,WSH,LF,,82,4.37,28.1
Moroff, Max,621559,114,CLE,2B,,72,4.17,28.1
Fuld, Sam,453539,133,OAK,LF,,154,,28.1
Chavis, Michael,656308,111,BOS,1B,,167,4.38,28.1
Infante, Omar,408299,118,KC,2B,,250,,28.1
Kiner-Falefa, Isiah,643396,140,TEX,3B,,407,4.26,28.1
Young, Andy,670370,109,ARI,DH,,11,,28.1
Baxter, Mike,488689,112,CHC,RF,,21,,28.1
Sanchez, Yolmer,570560,145,CWS,2B,,1033,4.23,28.1
Happ, Ian,664023,112,CHC,CF,,392,4.25,28.0
Martin, Jason,641829,134,PIT,LF,,20,4.17,28.0
Weeks, Jemile,457789,135,SD,2B,,28,,28.0
Hayes, Ke'Bryan,663647,134,PIT,3B,,36,,28.0
Rua, Ryan,607387,140,TEX,LF,,212,4.49,28.0
Tauchman, Mike,643565,147,NYY,LF,,180,4.24,28.0
Butler, Joey,542994,139,TB,DH,,117,,28.0
Segura, Jean,516416,143,PHI,SS,,1583,4.22,28.0
Crawford, Carl,408307,119,LAD,LF,,124,,28.0
Martinez, Michael,492841,139,TB,2B,,70,,28.0
Ortega, Rafael,542364,144,ATL,LF,,195,4.34,28.0
Reimold, Nolan,460099,110,BAL,LF,,153,,28.0
Stubbs, Garrett,596117,117,HOU,C,,26,,28.0
Guyer, Brandon,446386,114,CLE,LF,,454,4.34,28.0
Buss, Nick,502544,108,LAA,LF,,38,,28.0
Iglesias, Jose,578428,110,BAL,SS,,1319,4.18,28.0
Odor, Rougned,596059,140,TEX,2B,,1006,4.19,28.0
Mountcastle, Ryan,663624,110,BAL,LF,,47,4.33,28.0
Uggla, Dan,462564,120,WSH,2B,,42,,28.0
Ervin, Phillip,640447,136,SEA,LF,,222,4.37,28.0
Nunez, Eduardo,456488,121,NYM,3B,,955,4.21,28.0
Robertson, Daniel,543706,114,CLE,LF,,120,4.25,28.0
Lin, Tzu-Wei,624407,111,BOS,SS,,88,4.17,28.0
Rojas, Josh,668942,109,ARI,LF,,74,4.27,28.0
Almora Jr., Albert,546991,112,CHC,CF,,643,4.32,28.0
Jackson, Austin,457706,121,NYM,CF,,526,4.48,28.0
Judge, Aaron,592450,147,NYY,RF,,547,4.53,28.0
Madrigal, Nick,663611,145,CWS,2B,,60,4.29,28.0
Cunningham, Todd,592239,108,LAA,LF,,45,,28.0
Revere, Ben,519184,108,LAA,CF,,736,4.24,28.0
Sweeney, Darnell,572182,141,TOR,LF,,33,,28.0
Pagan, Angel,434636,137,SF,CF,,418,,28.0
DeJong, Paul,657557,138,STL,SS,,532,4.37,28.0
Frazier, Clint,640449,147,NYY,RF,,191,4.40,28.0
Cameron, Daz,663662,116,DET,RF,,20,4.44,28.0
Field, Johnny,608654,142,MIN,LF,,83,4.30,28.0
Goodwin, Brian,571718,113,CIN,CF,,357,4.17,28.0
Gonzalez, Erik,570481,134,PIT,SS,,259,4.33,27.9
Rengifo, Luis,650859,108,LAA,2B,,219,4.26,27.9
Kepler, Max,596146,142,MIN,RF,,891,4.25,28.0
Eibner, Brett,518649,146,MIA,RF,,92,,27.9
Middlebrooks, Will,519025,140,TEX,3B,,113,,27.9
Marte, Jefry,527043,108,LAA,1B,,287,4.46,27.9
Hechavarria, Adeiny,588751,144,ATL,SS,,807,4.39,27.9
Coleman, Dusty,543038,135,SD,SS,,15,,27.9
Rasmus, Colby,458675,110,BAL,CF,,259,,27.9
Urena, Richard,620446,141,TOR,SS,,89,,27.9
Lindor, Francisco,596019,114,CLE,SS,,1447,4.24,27.9
Bloomquist, Willie,217100,136,SEA,SS,,26,,27.9
Lugo, Dawel,608475,116,DET,3B,,195,4.37,27.9
Valera, Breyvic,591971,141,TOR,2B,,58,4.21,27.9
Garcia, Willy,591994,145,CWS,RF,,51,4.47,27.9
Correa, Carlos,621043,117,HOU,SS,,1015,4.35,27.9
Dean, Austin,621573,138,STL,LF,,120,4.33,27.9
Herrera, Elian,467070,158,MIL,3B,,103,,27.9
Ellsbury, Jacoby,453056,147,NYY,CF,,611,4.27,27.9
Wade Jr, LaMonte,664774,142,MIN,CF,,42,4.42,27.9
Rosario, Eddie,592696,142,MIN,LF,,1051,4.22,27.9
Benintendi, Andrew,643217,111,BOS,LF,,785,4.23,27.9
Carlson, Dylan,666185,138,STL,CF,,45,4.39,27.9
Giavotella, Johnny,543213,110,BAL,2B,,391,,27.9
Williams, Mason,592863,110,BAL,CF,,98,4.23,27.9
Parker, Jarrett,592620,108,LAA,LF,,146,4.28,27.8
Cespedes, Yoenis,493316,121,NYM,LF,,541,4.38,27.8
Polanco, Gregory,570256,134,PIT,RF,,853,4.24,27.9
Duffy, Matt,622110,139,TB,3B,,774,4.45,27.8
Aviles, Mike,449107,146,MIA,SS,,257,4.35,27.8
Haniger, Mitch,571745,136,SEA,RF,,530,4.38,27.8
Byrd, Marlon,407781,114,CLE,CF,,206,,27.8
Upton, Justin,457708,108,LAA,LF,,884,4.41,27.8
Herrera, Dilson,599096,110,BAL,2B,,50,,27.8
Villar, Jonathan,542340,141,TOR,SS,,1068,4.22,27.8
Wisdom, Patrick,621550,112,CHC,3B,,18,,27.8
Ramirez, Jose,608070,114,CLE,3B,,1248,4.28,27.8
Canha, Mark,592192,133,OAK,CF,,662,4.37,27.8
Ozuna, Marcell,542303,144,ATL,LF,,1235,4.42,27.8
Contreras, Willson,575929,112,CHC,C,,811,4.33,27.8
Jones, James,571825,136,SEA,CF,,11,,27.8
Venable, Will,461416,119,LAD,RF,,191,,27.8
Smolinski, Jake,519295,133,OAK,CF,,230,4.38,27.8
Harper, Bryce,547180,143,PHI,RF,,1092,4.31,27.8
Andujar, Miguel,609280,147,NYY,3B,,329,4.33,27.8
Machado, Dixon,553988,116,DET,2B,,221,4.42,27.8
Lewis, Kyle,641786,136,SEA,CF,,92,4.47,27.8
Arias, Joaquin,435078,137,SF,SS,,23,,27.8
Espinosa, Danny,457787,139,TB,2B,,380,4.28,27.8
Forsythe, Logan,523253,146,MIA,2B,,826,4.50,27.8
Cave, Jake,595909,142,MIN,CF,,256,4.30,27.8
Smith, Will,669257,119,LAD,C,,100,4.49,27.8
Riddle, JT,595375,134,PIT,SS,,330,4.39,27.8
Bauers, Jake,641343,114,CLE,1B,,267,4.22,27.8
Gallo, Joey,608336,140,TEX,LF,,335,4.44,27.7
Grossman, Robbie,543257,133,OAK,LF,,797,4.28,27.7
Romero, Stefen,552662,136,SEA,RF,,11,,27.7
Brentz, Bryce,518490,111,BOS,LF,,32,,27.7
Evans, Phillip,595943,134,PIT,3B,,26,,27.7
Rodriguez, Ronny,500135,116,DET,2B,,171,4.31,27.7
Collins, Tyler,607385,116,DET,CF,,185,4.31,27.7
Cecchini, Gavin,608325,121,NYM,2B,,32,4.37,27.7
Miller, Brad,543543,138,STL,SS,,727,4.30,27.7
Suzuki, Ichiro,400085,136,SEA,RF,,524,4.08,27.7
Garcia, Greg,594824,135,SD,2B,,532,4.27,27.7
Tocci, Carlos,624636,140,TEX,CF,,57,4.37,27.7
Arcia, Oswaldo,542455,135,SD,RF,,82,,27.7
Fletcher, David,664058,108,LAA,3B,,549,4.25,27.7
Mathias, Mark,664029,158,MIL,RF,,11,,27.7
Escobar, Eduardo,500871,109,ARI,3B,,1038,4.26,27.7
Beckham, Tim,542921,136,SEA,SS,,650,4.40,27.7
Fuentes, Josh,658069,115,COL,1B,,56,4.44,27.7
Urrutia, Henry,625329,110,BAL,DH,,15,,27.7
Norris, Derek,519083,139,TB,C,,374,4.43,27.7
Blackmon, Charlie,453568,115,COL,CF,,1384,4.29,27.7
De Aza, Alejandro,457477,120,WSH,CF,,238,,27.7
Span, Denard,452655,136,SEA,CF,,874,4.34,27.7
Blash, Jabari,518466,108,LAA,RF,,82,4.50,27.7
Jennings, Desmond,457775,139,TB,CF,,128,,27.7
Green, Grant,502205,120,WSH,2B,,40,,27.7
Young, Chris,455759,108,LAA,CF,,320,4.39,27.7
Bote, David,623520,112,CHC,3B,,290,4.36,27.7
Aybar, Erick,430947,135,SD,SS,,674,4.36,27.7
Akiyama, Shogo,673451,113,CIN,LF,,73,4.13,27.7
Swihart, Blake,596119,109,ARI,C,,252,4.31,27.7
Olt, Mike,592609,145,CWS,3B,,29,,27.7
Inciarte, Ender,542255,144,ATL,CF,,1296,4.15,27.6
Dubon, Mauricio,643289,137,SF,CF,,104,4.33,27.7
Bregman, Alex,608324,117,HOU,3B,,940,4.35,27.7
Cardullo, Stephen,506924,115,COL,1B,,27,,27.6
Martin, Leonys,547982,114,CLE,CF,,532,4.35,27.6
Naquin, Tyler,571980,114,CLE,RF,,406,4.41,27.6
Holt, Brock,571788,120,WSH,2B,,792,4.36,27.6
Hamilton, Josh,285078,140,TEX,CF,,66,,27.6
Tolleson, Steve,476270,141,TOR,2B,,26,,27.6
Sardinas, Luis,596143,110,BAL,SS,,154,,27.6
Castellanos, Nick,592206,113,CIN,3B,,1103,4.29,27.6
Haseley, Adam,656514,143,PHI,CF,,153,4.29,27.6
Jimenez, Eloy,650391,145,CWS,LF,,273,4.44,27.6
Muncy, Max,571970,119,LAD,1B,,492,4.30,27.6
Stanton, Giancarlo,519317,147,NYY,RF,,721,4.50,27.6
Lowe, Brandon,664040,139,TB,2B,,214,4.27,27.6
Gutierrez, Kelvin,642721,118,KC,3B,,37,4.42,27.6
Rondon, Jose,602922,110,BAL,SS,,118,4.38,27.6
Reynolds, Matt,608703,118,KC,SS,,97,4.51,27.6
Escobar, Alcides,444876,118,KC,SS,,1127,4.34,27.6
Tucker, Kyle,663656,117,HOU,LF,,131,4.34,27.5
Schafer, Logan,502582,142,MIN,LF,,79,,27.6
Romine, Andrew,461865,140,TEX,SS,,389,4.35,27.5
Dickerson, Corey,572816,146,MIA,LF,,901,4.24,27.5
Bradley Jr., Jackie,598265,111,BOS,CF,,1075,4.30,27.5
Yastrzemski, Mike,573262,137,SF,RF,,196,4.30,27.5
Ryan, Brendan,453895,108,LAA,SS,,45,,27.5
Valaika, Pat,642162,110,BAL,SS,,169,4.37,27.5
Herrmann, Chris,543302,133,OAK,C,,233,4.28,27.5
Conforto, Michael,624424,121,NYM,LF,,801,4.36,27.5
Wong, Kolten,543939,138,STL,2B,,1042,4.19,27.5
Wilson, Josh,425543,116,DET,SS,,16,,27.5
Campbell, Eric,493472,121,NYM,3B,,100,,27.5
Perkins, Cameron,573088,143,PHI,LF,,45,4.31,27.5
Barnes, Brandon,488681,114,CLE,CF,,159,,27.5
Reyes, Jose,408314,121,NYM,SS,,629,4.19,27.5
Castillo, Rusney,628329,111,BOS,RF,,159,,27.5
Harrison, Josh,543281,120,WSH,2B,,789,4.33,27.5
Hill, Aaron,431094,137,SF,2B,,294,4.27,27.5
Estrada, Thairo,642731,147,NYY,2B,,51,4.33,27.5
Mercer, Jordy,474568,147,NYY,SS,,911,4.35,27.5
Robinson, Drew,592685,138,STL,CF,,69,4.37,27.5
Heyward, Jason,518792,112,CHC,RF,,1286,4.34,27.5
Fraley, Jake,641584,136,SEA,CF,,16,,27.5
Peterson, Shane,451089,139,TB,LF,,118,4.20,27.5
Arroyo, Christian,624414,111,BOS,3B,,127,4.48,27.5
Refsnyder, Rob,608701,140,TEX,2B,,195,4.41,27.5
Soler, Jorge,624585,118,KC,RF,,604,4.50,27.5
Rendon, Anthony,543685,108,LAA,3B,,1084,4.37,27.5
McKinney, Billy,641856,141,TOR,LF,,132,4.27,27.5
Ynoa, Rafael,501255,115,COL,3B,,66,,27.5
Utley, Chase,400284,119,LAD,2B,,588,4.24,27.5
Rodgers, Brendan,663898,115,COL,2B,,42,4.34,27.5
Gurriel Jr., Lourdes,666971,141,TOR,LF,,299,4.37,27.5
Weeks Jr., Rickie,430001,139,TB,2B,,133,4.38,27.5
Coats, Jason,605183,145,CWS,RF,,31,,27.5
Crawford, J.P.,641487,136,SEA,SS,,300,4.39,27.5
Jansen, Danny,643376,141,TOR,C,,198,4.46,27.5
Reddick, Josh,502210,117,HOU,RF,,1021,4.27,27.4
Barney, Darwin,446381,141,TOR,2B,,289,4.38,27.5
Haase, Eric,606992,116,DET,C,,15,,27.4
Tabata, Jose,467798,134,PIT,LF,,19,,27.4
Travis, Devon,581527,141,TOR,2B,,550,4.42,27.4
Guerrero, Alex,648717,119,LAD,LF,,76,,27.4
Robertson, Daniel,621002,137,SF,2B,,340,4.47,27.4
Hernandez, Enrique,571771,119,LAD,2B,,703,4.41,27.4
McNeil, Jeff,643446,121,NYM,2B,,401,4.10,27.4
Blanks, Kyle,452035,140,TEX,LF,,25,,27.4
Schoop, Jonathan,570731,116,DET,2B,,1068,4.49,27.4
O'Brien, Peter,598284,146,MIA,LF,,66,4.50,27.4
Parmelee, Chris,476633,147,NYY,RF,,32,,27.4
Jones, Adam,430945,109,ARI,CF,,1219,4.50,27.4
Riley, Austin,663586,144,ATL,LF,,137,4.52,27.4
McBride, Matt,473724,133,OAK,1B,,27,,27.4
Van Slyke, Scott,475100,119,LAD,LF,,138,,27.4
Baker, Jeff,425557,146,MIA,2B,,33,,27.4
Beaty, Matt,607461,119,LAD,1B,,147,4.28,27.4
Gurriel, Yuli,493329,117,HOU,1B,,959,4.34,27.4
Peralta, David,444482,109,ARI,LF,,1150,4.34,27.4
Schafer, Jordan,457788,142,MIN,CF,,21,,27.4
Frazier, Adam,624428,134,PIT,2B,,771,4.32,27.4
Jones, Ryder,624507,137,SF,1B,,54,4.40,27.4
Verdugo, Alex,657077,111,BOS,CF,,310,4.24,27.4
Castro, Starlin,516770,120,WSH,SS,,1359,4.36,27.4
Urias, Luis,649966,158,MIL,2B,,169,4.35,27.4
Peterson, Dustin,640460,116,DET,LF,,21,4.51,27.3
Parker, Kyle,592621,115,COL,LF,,30,,27.3
Dozier, Brian,572821,121,NYM,2B,,1024,4.41,27.3
Bohm, Alec,664761,143,PHI,3B,,81,4.60,27.3
Heathcott, Slade,571761,147,NYY,CF,,13,,27.3
Cowart, Kaleb,592230,108,LAA,2B,,142,4.39,27.3
Marrero, Deven,571918,146,MIA,3B,,141,4.48,27.3
Long Jr., Shed,643418,136,SEA,2B,,121,4.29,27.3
Pinder, Chad,640461,133,OAK,LF,,413,4.45,27.3
Herrera, Odubel,546318,143,PHI,CF,,927,4.20,27.3
Paredes, Jimmy,517370,143,PHI,DH,,222,,27.3
Alvarez, Eddy,657193,146,MIA,2B,,14,,27.3
Candelario, Jeimer,600869,116,DET,3B,,469,4.39,27.3
Flores, Ramon,570717,108,LAA,RF,,129,,27.3
Dickerson, Alex,543105,137,SF,LF,,242,4.40,27.3
Adames, Cristhian,542436,137,SF,SS,,162,,27.3
Brown, Domonic,502126,143,PHI,LF,,68,,27.3
Dietrich, Derek,518618,140,TEX,2B,,734,4.30,27.3
Santander, Anthony,623993,110,BAL,RF,,214,4.43,27.3
Delmonico, Nicky,547170,145,CWS,LF,,213,4.47,27.3
Barnes, Austin,605131,119,LAD,C,,362,4.45,27.3
Noonan, Nick,519082,135,SD,2B,,17,,27.3
Devers, Rafael,646240,111,BOS,3B,,669,4.29,27.3
Kemp, Tony,643393,133,OAK,LF,,317,4.21,27.3
Tejeda, Anderson,660731,140,TEX,SS,,24,,27.3
O'Grady, Brian,657434,139,TB,CF,,11,,27.3
Young, Delmon,430321,110,BAL,LF,,60,,27.3
Asuaje, Carlos,641319,135,SD,2B,,201,4.39,27.3
Travis, Sam,607752,111,BOS,1B,,126,4.41,27.3
Andrus, Elvis,462101,140,TEX,SS,,1450,4.38,27.3
Muno, Danny,594940,121,NYM,3B,,12,,27.3
Osuna, Jose,591741,134,PIT,1B,,312,4.48,27.2
Vargas, Ildemaro,545121,112,CHC,2B,,155,4.39,27.3
Walker, Christian,572233,109,ARI,1B,,311,4.53,27.2
Garlick, Kyle,664247,143,PHI,LF,,14,,27.2
Renfroe, Hunter,592669,139,TB,RF,,452,4.41,27.2
Severino, Pedro,600474,110,BAL,C,,266,4.37,27.2
Ethier, Andre,444843,119,LAD,RF,,201,4.40,27.2
Johnson, Kelly,430637,121,NYM,2B,,240,,27.2
Fontana, Nolan,545337,108,LAA,2B,,10,,27.2
Cuddyer, Michael,150212,121,NYM,RF,,158,,27.2
Elmore, Jake,518653,134,PIT,SS,,120,,27.2
Murphy, John Ryan,571974,134,PIT,C,,175,4.35,27.2
Kipnis, Jason,543401,112,CHC,2B,,1031,4.36,27.2
Santana, Domingo,570267,114,CLE,RF,,635,4.50,27.2
Mejias-Brean, Seth,623180,135,SD,3B,,15,,27.2
Victorino, Shane,425664,108,LAA,CF,,65,,27.2
Soto, Juan,665742,120,WSH,LF,,541,4.23,27.2
Tovar, Wilfredo,541600,108,LAA,SS,,40,4.49,27.2
Monell, Johnny,476192,121,NYM,C,,23,,27.2
Mejia, Alex,622270,138,STL,3B,,22,4.45,27.2
Farmer, Kyle,571657,113,CIN,3B,,108,4.48,27.2
Granderson, Curtis,434158,146,MIA,CF,,739,4.31,27.2
Sano, Miguel,593934,142,MIN,3B,,573,4.63,27.2
Mejia, Francisco,642336,135,SD,C,,110,4.22,27.2
Lowe, Nate,663993,139,TB,1B,,72,4.32,27.2
Nunez, Renato,600524,110,BAL,DH,,329,4.54,27.1
Drury, Brandon,592273,141,TOR,2B,,658,4.43,27.2
Brugman, Jaycob,595144,133,OAK,CF,,61,4.29,27.2
Austin, Tyler,592122,158,MIL,1B,,174,4.51,27.1
Kelly, Don,430603,146,MIA,3B,,15,,27.1
Castro, Harold,605612,116,DET,2B,,193,4.32,27.1
O'Hearn, Ryan,656811,118,KC,1B,,206,4.48,27.1
Stewart, DJ,621466,110,BAL,RF,,87,4.33,27.1
Cooper, Garrett,643265,146,MIA,1B,,245,4.44,27.1
Mancini, Trey,641820,110,BAL,LF,,801,4.51,27.1
Rivera, T.J.,608061,121,NYM,3B,,145,4.42,27.1
Aoki, Norichika,493114,121,NYM,RF,,639,4.08,27.1
Saunders, Michael,459431,141,TOR,LF,,300,4.29,27.1
Longoria, Evan,446334,137,SF,3B,,1159,4.46,27.1
McBroom, Ryan,643436,118,KC,1B,,56,4.53,27.1
Tomas, Yasmany,630111,109,ARI,RF,,444,4.55,27.1
Profar, Jurickson,595777,135,SD,2B,,669,4.35,27.1
Rollins, Jimmy,276519,145,CWS,SS,,281,,27.1
Espinal, Santiago,669289,141,TOR,SS,,20,,27.1
Cabrera, Everth,465784,110,BAL,SS,,56,,27.1
Beresford, James,503437,142,MIN,1B,,16,,27.1
Mayberry Jr., John,460055,121,NYM,CF,,36,,27.1
Herrera, Jonathan,468406,112,CHC,2B,,64,,27.1
Zobrist, Ben,450314,112,CHC,2B,,1120,4.35,27.1
Gattis, Evan,594828,117,HOU,DH,,677,4.55,27.1
Tucker, Preston,605512,144,ATL,LF,,235,4.34,27.1
Braun, Ryan,460075,158,MIL,LF,,1171,4.43,27.1
Schwarber, Kyle,656941,112,CHC,LF,,610,4.31,27.1
Simmons, Andrelton,592743,108,LAA,SS,,1400,4.50,27.1
Nieuwenhuis, Kirk,543590,158,MIL,CF,,179,,27.1
Goldschmidt, Paul,502671,138,STL,1B,,1194,4.49,27.0
Knapp, Andrew,595284,143,PHI,C,,216,4.34,27.0
Brignac, Reid,458582,144,ATL,SS,,12,,27.0
Cozens, Dylan,622226,143,PHI,LF,,11,,27.0
Bell, Josh,605137,134,PIT,1B,,845,4.42,27.0
Martinez, J.D.,502110,111,BOS,RF,,1039,4.48,27.0
LeMahieu, DJ,518934,147,NYY,2B,,1578,4.52,27.0
Stassi, Brock,595426,143,PHI,1B,,28,4.42,27.0
Galvis, Freddy,520471,113,CIN,SS,,1138,4.35,27.0
Gonzalez, Carlos,471865,112,CHC,RF,,1006,4.29,27.0
Anderson, Brian,605119,146,MIA,3B,,585,4.45,27.0
Descalso, Daniel,518614,112,CHC,2B,,524,4.34,27.0
Pennington, Cliff,460060,113,CIN,SS,,215,4.34,27.0
Sierra, Moises,501213,120,WSH,RF,,22,4.37,27.0
Hiura, Keston,669374,158,MIL,2B,,166,4.55,27.0
Alberto, Hanser,593643,110,BAL,2B,,439,4.34,27.0
McKenry, Michael,502374,138,STL,C,,46,,27.0
Franklin, Nick,545338,158,MIL,2B,,128,4.36,27.0
Rodriguez, Sean,446481,146,MIA,2B,,321,4.56,27.0
Amarista, Alexi,506560,115,COL,SS,,257,4.34,27.0
Lamb, Jake,571875,133,OAK,3B,,783,4.38,27.0
Olivera, Hector,493343,144,ATL,3B,,45,,26.9
Murphy, David,461815,108,LAA,LF,,180,,26.9
Kieboom, Carter,666198,120,WSH,3B,,44,4.65,26.9
Goins, Ryan,572365,145,CWS,2B,,603,4.47,26.9
Alvarez, Dariel,645848,110,BAL,RF,,16,,26.9
Valencia, Danny,502143,110,BAL,3B,,602,4.51,26.9
Motter, Taylor,600301,142,MIN,SS,,151,4.56,26.9
Murphy, Tom,608596,136,SEA,C,,124,4.53,26.9
Thames, Eric,519346,120,WSH,1B,,362,4.28,26.9
Stewart, Christin,621514,116,DET,LF,,177,4.40,26.9
Piscotty, Stephen,572039,133,OAK,RF,,946,4.47,26.9
Moncrief, Carlos,519037,137,SF,RF,,11,,26.9
Pena, Ramiro,455369,137,SF,3B,,36,,26.9
Decker, Jaff,543094,133,OAK,LF,,47,,26.9
Arcia, Orlando,606115,158,MIL,SS,,813,4.44,26.9
Martini, Nick,605361,135,SD,LF,,115,4.41,26.9
Greiner, Grayson,606988,116,DET,C,,143,4.52,26.9
Nola, Austin,543592,135,SD,C,,139,4.64,26.9
Adrianza, Ehire,501303,142,MIN,SS,,425,4.35,26.9
Brown, Trevor,623143,137,SF,C,,91,,26.9
Diaz, Yandy,650490,139,TB,3B,,383,4.50,26.9
Arraez, Luis,650333,142,MIN,2B,,224,4.38,26.9
Chisenhall, Lonnie,502082,114,CLE,3B,,452,4.46,26.9
Rogers, Jason,595386,134,PIT,1B,,87,,26.8
Ishikawa, Travis,448170,134,PIT,1B,,23,,26.8
Krauss, Marc,571868,116,DET,1B,,18,,26.8
Diaz, Isan,656371,146,MIA,2B,,75,4.52,26.8
Hicks, John,543308,116,DET,1B,,301,4.43,26.8
d'Arnaud, Travis,518595,144,ATL,C,,551,4.55,26.8
Seager, Corey,608369,119,LAD,SS,,978,4.49,26.8
Asche, Cody,605125,145,CWS,3B,,255,,26.8
Alvarez, Yordan,670541,117,HOU,DH,,124,4.36,26.8
Bart, Joey,663698,137,SF,C,,30,4.61,26.8
Dalbec, Bobby,666915,111,BOS,1B,,19,,26.8
Shaffer, Richie,572128,139,TB,1B,,44,,26.8
VanMeter, Josh,642165,109,ARI,LF,,109,4.32,26.8
Castro, Daniel,593495,115,COL,2B,,137,4.34,26.8
Suarez, Eugenio,553993,113,CIN,3B,,929,4.60,26.8
Mazara, Nomar,608577,145,CWS,RF,,933,4.36,26.8
Raburn, Ryan,430605,120,WSH,LF,,186,4.52,26.8
Jones, Garrett,434540,147,NYY,1B,,52,,26.8
Martinez, Jose,500874,112,CHC,RF,,559,4.50,26.8
Paulsen, Ben,572019,115,COL,1B,,162,,26.8
Rosario, Wilin,501647,115,COL,C,,112,,26.8
Trumbo, Mark,444432,110,BAL,1B,,725,4.65,26.8
Ackley, Dustin,554429,147,NYY,2B,,128,,26.8
Kinsler, Ian,435079,135,SD,2B,,1026,4.50,26.8
Rogers, Jake,668670,116,DET,C,,30,4.56,26.7
Boesch, Brennan,453269,113,CIN,RF,,37,,26.7
Zimmerman, Ryan,475582,120,WSH,3B,,807,4.43,26.7
Gomes, Jonny,430404,118,KC,LF,,71,,26.7
Torres, Gleyber,650402,147,NYY,2B,,392,4.45,26.7
Garneau, Dustin,572863,117,HOU,C,,127,4.58,26.7
Nottingham, Jacob,641924,158,MIL,C,,24,,26.7
Gomes, Yan,543228,120,WSH,C,,628,4.55,26.7
Flaherty, Ryan,475247,114,CLE,2B,,301,4.42,26.7
Garcia, Luis,671277,120,WSH,2B,,65,4.36,26.7
Dini, Nick,664926,118,KC,C,,12,,26.7
Garcia, Jose,676480,113,CIN,SS,,17,,26.7
Pearce, Steve,456665,111,BOS,1B,,473,4.52,26.7
Recker, Anthony,489232,144,ATL,C,,58,,26.6
Mayfield, Jack,608686,117,HOU,SS,,31,4.38,26.6
Park, ByungHo,666560,142,MIN,DH,,68,,26.7
Morrison, Logan,489149,158,MIL,1B,,568,4.52,26.7
Patterson, Jordan,641958,115,COL,1B,,10,,26.6
Davis, J.D.,605204,121,NYM,3B,,320,4.56,26.7
Joseph, Corban,543377,134,PIT,2B,,36,4.33,26.6
Snyder, Brandon,474319,139,TB,1B,,23,,26.6
Ruggiano, Justin,448605,137,SF,CF,,65,,26.6
Rojas, Miguel,500743,146,MIA,SS,,843,4.48,26.6
Hernandez, Oscar,591712,118,KC,C,,20,,26.6
Sanchez, Adrian,506703,120,WSH,2B,,75,4.52,26.6
Arteaga, Humberto,600858,118,KC,SS,,56,4.26,26.6
Segedin, Rob,574847,119,LAD,3B,,41,,26.6
Torrens, Luis,620443,136,SEA,C,,80,4.57,26.6
Smith, Pavin,656976,109,ARI,1B,,12,,26.6
Moya, Steven,570615,116,DET,RF,,32,,26.6
Carter, Chris,474892,147,NYY,1B,,293,4.70,26.6
Pederson, Joc,592626,119,LAD,CF,,796,4.36,26.6
Cuthbert, Cheslor,596144,145,CWS,3B,,453,4.53,26.6
Valentin, Jesmuel,621044,143,PHI,3B,,27,,26.6
Leyba, Domingo,642736,109,ARI,2B,,12,,26.6
Palka, Daniel,594953,145,CWS,RF,,178,4.40,26.6
Reyes, Franmil,614177,114,CLE,RF,,338,4.61,26.6
Ramirez, Alexei,493351,139,TB,SS,,535,,26.6
Blandino, Alex,607468,113,CIN,2B,,61,4.64,26.6
Bemboom, Anthony,621532,108,LAA,C,,29,4.61,26.6
Solano, Donovan,456781,137,SF,2B,,202,4.50,26.6
Blanco, Andres,433217,143,PHI,2B,,257,4.57,26.6
Machado, Manny,592518,135,SD,3B,,1315,4.61,26.6
Moss, Brandon,461235,118,KC,1B,,310,4.47,26.6
Diaz, Elias,553869,115,COL,C,,386,4.55,26.6
Snider, Travis,501983,134,PIT,LF,,95,,26.6
Gale, Rocky,502570,119,LAD,C,,10,,26.6
Hosmer, Eric,543333,135,SD,1B,,1525,4.44,26.6
Pedroia, Dustin,456030,111,BOS,2B,,727,4.42,26.6
Carpenter, Matt,572761,138,STL,3B,,809,4.42,26.5
Singleton, Jon,572138,117,HOU,1B,,12,,26.5
Smith, Kevan,607345,139,TB,C,,366,4.64,26.5
Worth, Danny,519445,117,HOU,2B,,19,,26.5
Sizemore, Grady,429713,139,TB,CF,,112,,26.5
Freese, David,501896,119,LAD,3B,,781,4.43,26.5
Gomez, Miguel,622497,137,SF,2B,,22,,26.5
Briceno, Jose,593993,108,LAA,C,,41,4.59,26.5
Schumaker, Skip,435401,113,CIN,2B,,107,,26.5
Donaldson, Josh,518626,142,MIN,3B,,965,4.54,26.5
Parra, Gerardo,467827,120,WSH,LF,,938,4.35,26.5
Denorfia, Chris,456121,112,CHC,RF,,101,,26.5
Taylor, Beau,607333,114,CLE,C,,18,,26.5
McCann, James,543510,145,CWS,C,,754,4.68,26.5
Hunter, Torii,116338,142,MIN,CF,,240,,26.5
Davis, Khris,501981,133,OAK,LF,,871,4.78,26.5
Prado, Martin,445988,146,MIA,3B,,781,4.62,26.5
Kendrick, Howie,435062,120,WSH,2B,,977,4.60,26.5
Terdoslavich, Joey,519345,144,ATL,1B,,24,,26.5
Plouffe, Trevor,461858,143,PHI,3B,,446,4.49,26.4
Choo, Shin-Soo,425783,140,TEX,RF,,1025,4.41,26.4
Lowrie, Jed,476704,121,NYM,SS,,598,4.47,26.4
Freeman, Freddie,518692,144,ATL,1B,,1124,4.44,26.4
Ramirez, Hanley,434670,114,CLE,SS,,718,4.63,26.4
Garver, Mitch,641598,142,MIN,C,,267,4.51,26.4
Drew, Stephen,452220,120,WSH,SS,,214,4.59,26.4
Wolters, Tony,547172,115,COL,C,,507,4.49,26.4
Petit, Gregorio,463610,142,MIN,2B,,147,4.41,26.4
Alonso, Pete,624413,121,NYM,1B,,287,4.54,26.4
Selsky, Steve,592731,111,BOS,RF,,23,,26.4
Bradley, Bobby,656252,114,CLE,DH,,16,,26.4
Beckham, Gordon,493596,116,DET,2B,,306,4.41,26.4
Coghlan, Chris,458085,141,TOR,LF,,346,4.40,26.4
Guillorme, Luis,641645,121,NYM,2B,,82,4.29,26.4
Abreu, Jose,547989,145,CWS,1B,,1352,4.52,26.4
Sogard, Eric,519299,158,MIL,2B,,497,4.39,26.4
Smith, Seth,452234,110,BAL,LF,,420,4.42,26.4
Naylor, Josh,647304,114,CLE,LF,,165,4.46,26.4
Kim, Hyun Soo,547957,143,PHI,LF,,238,4.35,26.4
Kramer, Kevin,596012,134,PIT,RF,,22,,26.4
McGuire, Reese,624512,141,TOR,C,,65,4.43,26.4
Castro, Jason,488771,135,SD,C,,481,4.51,26.4
Garcia, Aramis,605244,137,SF,C,,19,,26.4
Maile, Luke,571912,141,TOR,C,,260,4.62,26.4
Healy, Ryon,592387,158,MIL,1B,,585,4.59,26.4
Walsh, Jared,665120,108,LAA,1B,,65,4.50,26.4
Montero, Jesus,524968,136,SEA,DH,,37,,26.4
Urshela, Gio,570482,147,NYY,3B,,433,4.42,26.4
Plawecki, Kevin,608700,111,BOS,C,,400,4.61,26.4
Janish, Paul,457926,110,BAL,SS,,41,,26.3
Joseph, Caleb,543376,141,TOR,C,,351,4.61,26.3
Perez, Carlos,542208,140,TEX,C,,228,,26.3
Garcia, Adonis,611177,144,ATL,3B,,415,4.48,26.3
Gonzalez, Marwin,503556,142,MIN,SS,,935,4.42,26.3
Kang, Jung Ho,628356,134,PIT,3B,,358,4.63,26.3
Bruce, Jay,457803,143,PHI,RF,,796,4.42,26.3
Walsh, Colin,595023,158,MIL,3B,,16,,26.3
Zunino, Mike,572287,139,TB,C,,425,4.57,26.3
Mendick, Danny,664901,145,CWS,2B,,66,4.64,26.3
Scruggs, Xavier,489305,146,MIA,1B,,40,,26.3
Francoeur, Jeff,425796,146,MIA,RF,,230,,26.3
Cozart, Zack,446359,108,LAA,SS,,564,4.47,26.3
Camargo, Johan,622666,144,ATL,3B,,455,4.42,26.3
Calhoun, Willie,641432,140,TEX,LF,,216,4.59,26.3
Mauer, Joe,408045,142,MIN,C,,1072,4.55,26.3
Moore, Tyler,489138,146,MIA,1B,,119,4.62,26.3
Gennett, Scooter,571697,137,SF,2B,,844,4.41,26.3
DeJesus, David,430203,108,LAA,CF,,125,,26.3
Smith, Dwight,596105,110,BAL,LF,,223,4.47,26.3
Joyce, Matt,459964,146,MIA,RF,,528,4.52,26.3
Calhoun, Kole,594777,109,ARI,RF,,1163,4.53,26.2
Hardy, J.J.,429666,110,BAL,SS,,490,4.62,26.2
McMahon, Ryan,641857,115,COL,2B,,316,4.54,26.2
Rios, Edwin,621458,119,LAD,3B,,48,,26.2
Crawford, Brandon,543063,137,SF,SS,,1158,4.42,26.2
Romine, Austin,519222,116,DET,C,,415,4.55,26.2
Walker, Neil,435522,143,PHI,2B,,733,4.49,26.2
Taijeron, Travis,607369,121,NYM,RF,,16,,26.2
La Stella, Tommy,600303,133,OAK,2B,,443,4.44,26.2
Marjama, Mike,605357,136,SEA,C,,20,,26.2
Brantley, Michael,488726,117,HOU,LF,,1073,4.54,26.2
Stassi, Max,545358,108,LAA,C,,185,4.66,26.2
Panik, Joe,605412,141,TOR,2B,,1034,4.47,26.2
Shaw, Travis,543768,141,TOR,3B,,681,4.48,26.2
Knizner, Andrew,668800,138,STL,C,,30,4.64,26.2
Phegley, Josh,572033,112,CHC,C,,319,4.48,26.2
Belt, Brandon,474832,137,SF,1B,,731,4.51,26.2
Johnson, Chris,453400,146,MIA,3B,,167,,26.2
Cron, Kevin,605196,109,ARI,DH,,24,,26.1
White, Tyler,643603,119,LAD,1B,,274,4.67,26.1
Barmes, Clint,425549,135,SD,SS,,66,,26.1
Cron, C.J.,543068,116,DET,1B,,771,4.59,26.1
Jay, Jon,445055,109,ARI,CF,,881,4.50,26.1
Nava, Daniel,537953,143,PHI,LF,,178,4.66,26.1
Guzman, Ronald,608597,140,TEX,1B,,260,4.49,26.1
Stewart, Chris,455755,109,ARI,C,,181,4.62,26.1
Turner, Justin,457759,119,LAD,3B,,1027,4.63,26.1
Hoskins, Rhys,656555,143,PHI,1B,,451,4.56,26.1
Colabello, Chris,499624,141,TOR,1B,,164,,26.1
Telis, Tomas,542513,146,MIA,C,,102,4.50,26.1
Waldrop, Kyle,592835,113,CIN,DH,,10,,26.1
Smith, Dominic,642086,121,NYM,1B,,229,4.52,26.1
Tejada, Ruben,514913,121,NYM,SS,,231,4.56,26.1
Murphy, Daniel,502517,115,COL,2B,,1050,4.49,26.1
Vogt, Stephen,519390,109,ARI,C,,520,4.49,26.1
Peralta, Jhonny,425509,138,STL,SS,,348,4.66,26.0
Davis, Chris,448801,110,BAL,1B,,679,4.68,26.0
Uribe, Juan,346874,114,CLE,SS,,223,,26.0
Saltalamacchia, Jarrod,457454,116,DET,C,,125,,26.0
Figueroa, Cole,502676,134,PIT,2B,,12,,26.0
Guerrero Jr., Vladimir,665489,141,TOR,3B,,316,4.62,26.0
Rosario, Alberto,451705,138,STL,C,,24,,26.0
Colon, Christian,518568,113,CIN,2B,,170,4.63,26.0
Seager, Kyle,572122,136,SEA,3B,,990,4.49,26.0
Andino, Robert,435180,146,MIA,2B,,11,,26.0
Robinson, Clint,519208,120,WSH,1B,,205,,26.0
Mesoraco, Devin,519023,121,NYM,C,,174,4.52,26.0
Sanchez, Gary,596142,147,NYY,C,,518,4.54,26.0
Phillips, Brandon,408252,111,BOS,2B,,816,4.58,26.0
Heineman, Tyler,623168,137,SF,C,,14,,26.0
Markakis, Nick,455976,144,ATL,RF,,1396,4.44,26.0
Pacheco, Jordan,457574,113,CIN,1B,,49,,26.0
Winker, Jesse,608385,113,CIN,LF,,382,4.56,25.9
Arenado, Nolan,571448,115,COL,3B,,1203,4.58,26.0
Villanueva, Christian,570799,135,SD,3B,,110,4.66,25.9
Frazier, Todd,453943,121,NYM,3B,,882,4.55,25.9
Arauz, Jonathan,660620,111,BOS,2B,,19,,25.9
Hedges, Austin,595978,114,CLE,C,,365,4.70,25.9
Sands, Jerry,543742,145,CWS,LF,,62,,25.9
Ruiz, Rio,547004,110,BAL,3B,,286,4.65,25.9
Holliday, Matt,407812,115,COL,LF,,426,4.59,25.9
Ravelo, Rangel,592660,138,STL,1B,,30,4.44,25.9
Cabrera, Melky,466320,134,PIT,LF,,1182,4.46,25.9
De Jesus Jr., Ivan,474443,113,CIN,2B,,182,,25.9
Olson, Matt,621566,133,OAK,1B,,413,4.58,25.9
Centeno, Juan,518542,111,BOS,C,,131,,25.9
Franco, Maikel,596748,118,KC,3B,,1065,4.75,25.9
Shaw, Chris,622046,137,SF,LF,,20,,25.9
Santana, Carlos,467793,114,CLE,1B,,1290,4.51,25.9
Machin, Vimael,605353,133,OAK,3B,,28,4.64,25.9
Craig, Allen,501800,111,BOS,1B,,35,,25.8
Werth, Jayson,150029,120,WSH,RF,,390,4.60,25.8
Hundley, Nick,460026,133,OAK,C,,502,4.62,25.8
Cervelli, Francisco,465041,146,MIA,C,,672,4.58,25.8
Martin, Russell,431145,119,LAD,C,,699,4.72,25.8
Adams, Matt,571431,144,ATL,1B,,457,4.56,25.8
Gordon, Alex,460086,118,KC,LF,,960,4.57,25.8
Voit, Luke,572228,147,NYY,1B,,316,4.71,25.8
Tulowitzki, Troy,453064,147,NYY,SS,,496,4.56,25.8
Jaso, John,444379,134,PIT,C,,337,4.53,25.8
Cruz, Tony,488810,113,CIN,C,,76,,25.8
Higashioka, Kyle,543309,147,NYY,C,,57,,25.8
Walton, Donovan,622268,136,SEA,SS,,10,,25.8
Hanigan, Ryan,452672,115,COL,C,,178,4.82,25.8
Murphy, Sean,669221,133,OAK,C,,75,4.73,25.8
Beltre, Adrian,134181,140,TEX,3B,,795,4.73,25.8
Thaiss, Matt,642136,108,LAA,3B,,44,4.73,25.8
Neuse, Sheldon,641914,133,OAK,2B,,20,4.61,25.8
Mathis, Jeff,425772,140,TEX,C,,285,4.62,25.8
Tsutsugo, Yoshi,660294,139,TB,DH,,49,4.55,25.8
Collins, Zack,641470,145,CWS,DH,,25,,25.8
Ruf, Darin,573131,137,SF,1B,,157,4.73,25.7
Vazquez, Christian,543877,111,BOS,C,,591,4.54,25.7
Ross, David,424325,112,CHC,C,,106,,25.7
Rizzo, Anthony,519203,112,CHC,1B,,1193,4.59,25.7
Ruiz, Carlos,434563,136,SEA,C,,251,4.58,25.7
Hart, Corey,430611,134,PIT,RF,,21,,25.7
Soto, Geovany,434567,145,CWS,C,,102,,25.7
Kemp, Matt,461314,115,COL,CF,,860,4.62,25.7
Cruz, Nelson,443558,142,MIN,RF,,1026,4.72,25.7
France, Ty,664034,136,SEA,3B,,114,4.74,25.6
Jeffers, Ryan,680777,142,MIN,C,,16,4.75,25.6
Flores, Wilmer,527038,137,SF,SS,,785,4.59,25.6
Dorn, Danny,457760,109,ARI,RF,,12,,25.6
Cabrera, Asdrubal,452678,120,WSH,SS,,957,4.66,25.6
Beltran, Carlos,136860,117,HOU,CF,,573,4.47,25.6
Davidson, Matt,571602,113,CIN,DH,,265,4.63,25.6
Perez, Salvador,521692,118,KC,C,,734,4.78,25.6
Escobar, Yunel,488862,108,LAA,SS,,748,4.66,25.6
Alvarez, Pedro,476883,110,BAL,3B,,315,4.54,25.6
Headley, Chase,452104,135,SD,3B,,648,4.68,25.6
Navarro, Efren,519068,112,CHC,1B,,67,,25.6
Walters, Zach,595025,119,LAD,DH,,10,,25.6
Bautista, Jose,430832,143,PHI,RF,,706,4.74,25.6
Suzuki, Kurt,435559,120,WSH,C,,673,4.66,25.6
Marmolejos, Jose,592530,136,SEA,LF,,35,4.75,25.5
Flowers, Tyler,452095,144,ATL,C,,526,4.56,25.5
Paredes, Isaac,670623,116,DET,3B,,35,4.89,25.5
Lambo, Andrew,518911,133,OAK,RF,,10,,25.5
Moustakas, Mike,519058,113,CIN,3B,,891,4.65,25.5
Nido, Tomas,621512,121,NYM,C,,106,4.70,25.5
Gillaspie, Conor,543216,137,SF,3B,,228,4.56,25.4
Pina, Manny,444489,158,MIL,C,,301,4.66,25.4
Gutierrez, Franklin,429711,119,LAD,CF,,153,4.87,25.4
Iannetta, Chris,455104,115,COL,C,,438,4.73,25.4
Choi, Ji-Man,596847,139,TB,1B,,363,4.42,25.4
Clevenger, Steve,502182,136,SEA,C,,77,,25.4
Lucroy, Jonathan,518960,112,CHC,C,,869,4.68,25.4
Susac, Andrew,572180,134,PIT,C,,55,,25.4
Kelly, Carson,608348,109,ARI,C,,209,4.77,25.4
Fernandez, Jose Miguel,628336,108,LAA,1B,,49,4.68,25.4
Holaday, Bryan,592407,110,BAL,C,,208,4.68,25.4
Turner, Stuart,642156,113,CIN,C,,28,4.80,25.4
Wright, David,431151,121,NYM,3B,,100,,25.4
Moreland, Mitch,519048,135,SD,1B,,884,4.42,25.4
Cabrera, Ramon,541608,113,CIN,C,,92,,25.4
Marrero, Chris,502029,137,SF,1B,,10,,25.3
Caratini, Victor,605170,112,CHC,C,,280,4.68,25.3
Solano, Jhonatan,500207,146,MIA,C,,10,,25.3
Heim, Jonah,641680,133,OAK,C,,14,,25.3
Butera, Drew,460077,115,COL,C,,222,4.69,25.3
Morneau, Justin,408047,145,CWS,1B,,163,,25.3
Joseph, Tommy,571830,143,PHI,1B,,286,4.86,25.3
Chirinos, Robinson,455139,121,NYM,C,,443,4.77,25.3
Davis, Taylor,543089,112,CHC,C,,17,,25.3
McGehee, Casey,431171,116,DET,3B,,150,,25.3
Duda, Lucas,446263,118,KC,1B,,441,4.73,25.3
Rupp, Cameron,519237,143,PHI,C,,368,4.83,25.2
Gimenez, Chris,460269,142,MIN,C,,192,4.73,25.2
Moran, Colin,592567,134,PIT,3B,,432,4.62,25.2
Perez, Michael,605421,139,TB,C,,62,,25.2
Reynolds, Mark,448602,115,COL,3B,,557,4.75,25.2
Ciuffo, Nick,624419,139,TB,C,,11,,25.2
Votto, Joey,458015,113,CIN,1B,,1097,4.75,25.2
Bird, Greg,595885,147,NYY,1B,,191,4.71,25.1
Sisco, Chance,642082,110,BAL,C,,134,4.64,25.1
Tromp, Chadwick,644433,137,SF,C,,16,4.77,25.1
Tellez, Rowdy,642133,141,TOR,1B,,185,4.77,25.1
Wynns, Austin,642851,110,BAL,C,,73,4.84,25.1
Nicholas, Brett,592592,140,TEX,C,,48,,25.1
Barnhart, Tucker,571466,113,CIN,C,,758,4.65,25.1
Solarte, Yangervis,500208,137,SF,3B,,830,4.74,25.1
Napoli, Mike,435063,140,TEX,1B,,440,4.75,25.1
Hernandez, Yadiel,628450,120,WSH,DH,,10,,25.1
Gallagher, Cam,595956,118,KC,C,,117,4.76,25.0
Freitas, David,571679,158,MIL,C,,49,4.85,25.0
Narvaez, Omar,553882,158,MIL,C,,447,4.73,25.0
Valbuena, Luis,472528,108,LAA,3B,,392,4.86,25.0
Gyorko, Jedd,576397,158,MIL,2B,,620,4.58,25.0
Gosewisch, Tuffy,488912,136,SEA,C,,95,,25.0
Encarnacion, Edwin,429665,145,CWS,DH,,919,4.80,25.0
Davis, Ike,477195,147,NYY,1B,,107,,25.0
Perez, Roberto,547379,114,CLE,C,,479,4.79,25.0
Kieboom, Spencer,571851,120,WSH,C,,48,4.86,25.0
Lopez, Raffy,607257,135,SD,C,,41,,25.0
Callaspo, Alberto,430948,119,LAD,3B,,88,,24.9
Vargas, Kennys,573627,142,MIN,DH,,216,4.70,24.9
Wallace, Brett,477165,135,SD,1B,,108,,24.9
Lavarnway, Ryan,543432,146,MIA,C,,52,,24.9
Posey, Buster,457763,137,SF,C,,1040,4.75,24.9
Viloria, Meibrys,650619,118,KC,C,,83,4.76,24.8
Sandoval, Pablo,467055,144,ATL,3B,,539,4.58,24.8
Trevino, Jose,624431,140,TEX,C,,90,4.67,24.8
Kratz, Erik,456124,147,NYY,C,,149,4.79,24.8
Reed, AJ,607223,145,CWS,1B,,47,,24.8
Arencibia, J.P.,450317,139,TB,C,,20,,24.8
Casali, Curt,592200,113,CIN,C,,222,4.86,24.7
Rivera, Rene,425784,121,NYM,C,,233,4.84,24.7
Wieters, Matt,446308,138,STL,C,,543,4.72,24.7
Fielder, Prince,425902,140,TEX,1B,,403,,24.7
Castillo, Welington,456078,145,CWS,C,,529,4.82,24.7
Cano, Robinson,429664,121,NYM,2B,,1179,4.62,24.7
Federowicz, Tim,543148,140,TEX,C,,33,,24.6
Maldonado, Martin,455117,117,HOU,C,,612,4.86,24.6
Avila, Alex,488671,142,MIN,C,,327,4.83,24.6
Skole, Matt,605474,145,CWS,DH,,21,4.68,24.6
Vogelbach, Daniel,596129,158,MIL,DH,,195,4.79,24.6
Arcia, Francisco,516472,108,LAA,C,,40,4.80,24.5
Stallings, Jacob,607732,134,PIT,C,,144,4.92,24.5
Ellis, A.J.,454560,135,SD,C,,243,4.90,24.5
Brantly, Rob,542963,137,SF,C,,21,,24.5
Teixeira, Mark,407893,147,NYY,1B,,287,,24.5
Ford, Mike,645801,147,NYY,1B,,76,4.73,24.5
Morse, Michael,434604,137,SF,LF,,100,,24.5
Lind, Adam,452252,120,WSH,1B,,469,4.62,24.5
Pena, Brayan,430910,138,STL,C,,178,,24.5
Aguilar, Jesus,542583,146,MIA,1B,,416,4.80,24.4
LaRoche, Adam,425560,145,CWS,1B,,138,,24.4
Loney, James,425766,121,NYM,1B,,279,,24.4
Corporan, Carlos,449786,140,TEX,C,,29,,24.4
Astudillo, Willians,553902,142,MIN,C,,136,4.84,24.4
Pena, Francisco,506747,138,STL,C,,68,4.92,24.4
Ramirez, Aramis,133380,134,PIT,3B,,176,,24.3
Leon, Sandy,506702,114,CLE,C,,406,4.73,24.3
Conger, Hank,474233,139,TB,C,,102,,24.3
Alonso, Yonder,475174,115,COL,1B,,771,4.94,24.3
Swisher, Nick,430897,144,ATL,RF,,102,,24.3
Grandal, Yasmani,518735,145,CWS,C,,802,4.89,24.3
Wallach, Chad,595453,146,MIA,C,,61,5.09,24.2
Pierzynski, A.J.,150229,144,ATL,C,,317,,24.2
Cabrera, Miguel,408234,116,DET,1B,,806,4.91,24.2
Odom, Joseph,641929,136,SEA,C,,11,,24.2
Bour, Justin,571506,108,LAA,1B,,620,4.71,24.2
Gonzalez, Adrian,408236,121,NYM,1B,,578,4.82,24.1
Sucre, Jesus,491696,110,BAL,C,,217,4.94,24.0
Wilson, Bobby,435064,116,DET,C,,218,4.89,24.0
Maxwell, Bruce,622194,133,OAK,C,,148,4.91,24.0
Lobaton, Jose,446653,121,NYM,C,,161,4.79,24.0
Howard, Ryan,429667,143,PHI,1B,,197,,24.0
Morales, Kendrys,434778,147,NYY,DH,,882,4.96,24.0
Smoak, Justin,475253,137,SF,1B,,680,4.91,23.9
Rodriguez, Alex,121347,147,NYY,3B,,266,,23.9
Montero, Miguel,471083,120,WSH,C,,293,4.91,23.9
Bandy, Jett,542908,158,MIL,C,,125,4.94,23.9
Butler, Billy,456714,147,NYY,DH,,331,,23.7
Thole, Josh,489365,141,TOR,C,,66,,23.7
Ramos, Wilson,467092,121,NYM,C,,968,4.94,23.5
Allen, Austin,664119,133,OAK,C,,25,,23.5
Molina, Yadier,425877,138,STL,C,,1041,4.87,23.4
Ortiz, David,120074,111,BOS,DH,,302,,23.4
Sanchez, Hector,516949,135,SD,C,,66,,23.3
Lee, Dae-Ho,493193,136,SEA,1B,,119,,23.1
Navarro, Dioner,425900,141,TOR,C,,156,,23.0
Graterol, Juan,492802,113,CIN,C,,65,5.07,23.0
McCann, Brian,435263,144,ATL,C,,547,5.02,22.9
Martinez, Victor,400121,116,DET,DH,,612,4.89,22.8
Pujols, Albert,405395,108,LAA,1B,,1049,5.04,22.6